<?xml version = "1.0" encoding = "UTF-8"?>
<beans xmlns="http://www.springframework.org/schema/beans" xmlns:xsi="http://www.w3.org/2001/XMLSchema-instance"
	xmlns:context="http://www.springframework.org/schema/context" xmlns:mvc="http://www.springframework.org/schema/mvc"
	xmlns:p="http://www.springframework.org/schema/p"
	xsi:schemaLocation="
      http://www.springframework.org/schema/beans 
      http://www.springframework.org/schema/beans/spring-beans.xsd
      http://www.springframework.org/schema/mvc 
      http://www.springframework.org/schema/mvc/spring-mvc.xsd
      http://www.springframework.org/schema/context 
      http://www.springframework.org/schema/context/spring-context.xsd">

	<mvc:annotation-driven />

	<context:component-scan base-package="by.itacademy.dzhivushko.cars.web.controller" />

	<mvc:default-servlet-handler />


	<mvc:resources mapping="/resources/**" location="/resources/" />

	<bean id="viewResolver" class="org.springframework.web.servlet.view.tiles3.TilesViewResolver">
		<property name="exposeContextBeansAsAttributes" value="true" />

	</bean>

	<bean id="tilesConfigurer" class="org.springframework.web.servlet.view.tiles3.TilesConfigurer">
		<property name="definitions">
			<list>
				<value>/WEB-INF/tiles-definitions/views.xml</value>
			</list>
		</property>
	</bean>
</beans>