<?xml version="1.0" encoding="UTF-8"?>
<Configuration>
	<Appenders>
		<Console name="Console" target="SYSTEM_OUT">
			<PatternLayout
				pattern="%d{HH:mm:ss.SSS} [%t] %-5level %logger{36} - %msg%n" />
		</Console>

		<RollingFile name="RollingFile" fileName="./logs/app.log"
			filePattern="./logs/$${date:yyyy-MM}/app-%d{MM-dd-yyyy}-%i.log.gz">
			<PatternLayout>
				<Pattern>%d{HH:mm:ss.SSS} [%t] %-5level %logger{36} - %msg%n
				</Pattern>
			</PatternLayout>
			<Policies>
				<TimeBasedTriggeringPolicy />
				<SizeBasedTriggeringPolicy size="250 MB" />
			</Policies>
		</RollingFile>
	</Appenders>

	<Loggers>
	    <Root level="info">
			<AppenderRef ref="Console" />
		</Root>

	    <Logger name="org.springframework.web" level="debug" additivity="false" >
			<AppenderRef ref="Console" />
		</Logger>

	</Loggers>
</Configuration>