<?xml version="1.0" encoding="UTF-8"?>
 <!DOCTYPE tiles-definitions PUBLIC  
        "-//Apache Software Foundation//DTD Tiles Configuration 3.0//EN"  
        "http://tiles.apache.org/dtds/tiles-config_3_0.dtd">
<tiles-definitions>

	<definition name="DefaultTemplate" template="/WEB-INF/views/main-template.jsp">
		<put-attribute name="title" value="Джылли и Ко" />
		<put-attribute name="header" value="/WEB-INF/views/header.jsp" />
		<put-attribute name="body" value="" />
		<put-attribute name="footer" value="/WEB-INF/views/footer.jsp" />
	</definition>

	<definition name="home" extends="DefaultTemplate">
		<put-attribute name="body" value="/WEB-INF/views/home.jsp" />
	</definition>

	<definition name="brand.list" extends="DefaultTemplate">
		<put-attribute name="body" value="/WEB-INF/views/brand/list.jsp" />
	</definition>

	<definition name="brand.edit" extends="DefaultTemplate">
		<put-attribute name="body" value="/WEB-INF/views/brand/form.jsp" />
	</definition>
</tiles-definitions>